{
  "model": "openai/gpt-5-mini",
  "completed_cases": 15,
  "success_count": 4,
  "accuracy": 0.26666666666666666,
  "avg_similarity_score": 0.30466498326867963
}
