{
  "model": "openai/gpt-5",
  "completed_cases": 15,
  "success_count": 7,
  "accuracy": 0.4666666666666667,
  "avg_similarity_score": 0.5076397017999233
}
